Time;Nthreads
5.029040;3
4.440578;4
20.325311;1
7.487924;2
5.323974;3
4.446313;4
15.151551;1
6.926601;2
7.563477;3
4.233426;4
16.005320;1
8.257472;2
5.649356;3
4.126024;4
14.782542;1
6.993976;2
5.685949;3
4.267490;4
15.990379;1
7.073827;2
5.408504;3
4.123628;4
14.997687;1
7.372623;2
5.538630;3
4.215553;4
15.581687;1
7.616320;2
5.770247;3
5.316653;4
15.192528;1
7.043581;2
6.376436;3
4.129250;4
4.255056;4
