Time;Nthreads
95.813192;2
47.904623;4
191.622517;1
23.953132;8
11.976757;16
2.878396;64
5.988752;32
1.441224;128
95.838598;2
47.934832;4
191.661236;1
23.953017;8
12.014566;16
5.988887;32
1.461327;128
2.938091;64
